fips,school
01001,Troy
01009,UAB
01017,Auburn
01021,Auburn
01033,UAB
01045,Troy
01051,Auburn
01065,Alabama
01079,UAB
01083,UAB
01099,Troy
01107,Alabama
01121,Jacksonville State
02050,Washington
02105,Washington
02122,Washington
02150,Washington
02164,Washington
02180,Washington
02188,Washington
02198,Washington
05141,Arkansas State
05145,Arkansas State
06005,Nevada
06021,California
06033,California
06043,Fresno State
06055,California
06089,Nevada
06099,Fresno State
06115,Nevada
08003,Air Force
08013,Colorado
08014,Colorado
08025,Air Force
08031,Colorado
08035,Air Force
08047,Colorado
12083,UCF
12087,Miami
12095,UCF
12111,Florida Atlantic
12119,South Florida
12125,Florida
13001,Georgia Southern
13013,Georgia
13029,Georgia Southern
13043,Georgia Southern
13055,Jacksonville State
13059,Georgia
13071,Florida State
13079,Georgia State
13091,Georgia Southern
13107,Georgia Southern
13113,Georgia State
13123,Georgia Tech
08053,Air Force
08057,Colorado
08059,Colorado
08073,Air Force
08083,New Mexico
08095,Colorado State
08105,Air Force
08111,Air Force
08123,Colorado State
09015,UConn
12001,Florida
12013,Florida State
12023,Florida
12039,Florida State
12055,Florida Atlantic
12059,Troy
12073,Florida State
02261,Washington
02270,Washington
04003,Arizona
04013,Arizona State
05001,Ole Miss
05009,Arkansas
05019,Louisiana Tech
05029,Arkansas
05043,Louisiana–Monroe
05051,Arkansas
05061,Louisiana Tech
05071,Arkansas
05085,Memphis
05097,Arkansas
05101,Arkansas
05111,Memphis
05123,Memphis
05129,Arkansas State
13309,Georgia Southern
13313,Georgia Tech
13319,Georgia Southern
15009,Hawaii
16015,Boise State
16021,Washington State
16045,Boise State
16051,Utah State
16057,Washington State
16067,Utah State
16081,Utah State
17005,Illinois
17009,Missouri
17019,Illinois
17029,Illinois
17035,Illinois
17049,Illinois
17055,Western Kentucky
17065,Western Kentucky
18051,Indiana
18059,Ball State
18069,Ball State
18079,Louisville
18085,Notre Dame
18095,Ball State
18105,Indiana
18115,Cincinnati
18125,Indiana
18131,Purdue
18139,Miami (OH)
18153,Indiana
18173,Louisville
18179,Ball State
18183,Ball State
19009,Iowa State
19017,Iowa
19021,Iowa State
19031,Iowa
19039,Iowa State
17073,Northern Illinois
17077,Arkansas State
17079,Indiana
17089,Northern Illinois
17103,Northern Illinois
17107,Illinois
17121,Illinois
17129,Illinois
17139,Illinois
17145,Illinois
17155,Northern Illinois
17169,Illinois
17175,Northern Illinois
17179,Illinois
17189,Illinois
17203,Illinois
18009,Ball State
18011,Ball State
18021,Indiana
18033,Bowling Green
13125,Georgia Southern
13129,Georgia Tech
13131,Florida State
13139,Georgia
13157,Georgia
13169,Georgia
13175,Georgia Southern
13187,Georgia
13197,Auburn
13201,Florida State
13217,Georgia
13225,Georgia State
13233,Georgia Tech
13243,Florida State
13253,Florida State
13265,Georgia
13277,Florida State
13285,Auburn
13293,Georgia State
13303,Georgia Southern
20027,Kansas State
20029,Kansas State
20039,Kansas State
20049,Tulsa
20065,Kansas State
20075,Air Force
20085,Kansas
20095,Oklahoma State
20105,Kansas State
20115,Kansas State
20127,Kansas State
20135,Kansas State
20145,Kansas State
20155,Oklahoma State
20163,Kansas State
20173,Oklahoma State
20185,Kansas State
20195,Kansas State
20203,Air Force
20205,Tulsa
21183,Western Kentucky
21187,Kentucky
21189,Kentucky
21199,Tennessee
21209,Kentucky
21219,Vanderbilt
21229,Kentucky
22001,Louisiana
22013,Louisiana Tech
22033,LSU
22053,Louisiana
22073,Louisiana–Monroe
22077,LSU
22089,Tulane
22105,Tulane
22115,Louisiana
21003,Western Kentucky
21009,Western Kentucky
21017,Kentucky
21025,Marshall
21031,Western Kentucky
21043,Marshall
21053,Tennessee
21063,Marshall
21077,Cincinnati
21087,Western Kentucky
21099,Western Kentucky
21103,Kentucky
21115,Marshall
21121,Tennessee
21137,Kentucky
21143,Western Kentucky
21151,Kentucky
21157,Vanderbilt
21169,Western Kentucky
21175,Marshall
19045,Iowa
19047,Iowa State
19055,Iowa
19063,Iowa State
19067,Iowa State
19079,Iowa State
19087,Iowa
19095,Iowa
19105,Iowa
19113,Iowa
19121,Iowa State
19125,Iowa State
19137,Nebraska
19141,Iowa State
19151,Iowa State
19161,Iowa State
19169,Iowa State
19175,Iowa State
19181,Iowa State
19195,Iowa State
20005,Kansas
20015,Tulsa
27073,Minnesota
27083,Minnesota
27085,Minnesota
27093,Minnesota
27103,Minnesota
27113,Minnesota
27121,Minnesota
27127,Minnesota
27147,Minnesota
27153,Minnesota
27161,Minnesota
28003,Ole Miss
28013,Mississippi State
28017,Mississippi State
28029,Southern Miss
28037,LSU
28049,Southern Miss
28061,Southern Miss
28065,Southern Miss
28075,Southern Miss
22121,LSU
22127,Louisiana Tech
23009,Boston College
23029,Boston College
24001,Penn State
24003,Navy
24009,Navy
24017,Maryland
24019,Navy
24029,Navy
24035,Navy
24037,Navy
24039,Navy
24041,Navy
25011,UMass
26009,Central Michigan
26015,Western Michigan
26023,Western Michigan
26035,Central Michigan
26037,Michigan State
26045,Michigan State
26057,Michigan State
26061,Wisconsin
26073,Central Michigan
26077,Western Michigan
26083,Minnesota
26085,Central Michigan
26091,Toledo
26097,Central Michigan
26103,Central Michigan
26107,Central Michigan
26111,Central Michigan
26117,Michigan State
26123,Central Michigan
26133,Central Michigan
26143,Central Michigan
26155,Michigan State
26161,Eastern Michigan
26165,Central Michigan
27009,Minnesota
27019,Minnesota
27029,Minnesota
27039,Minnesota
27051,Minnesota
27057,Minnesota
27067,Minnesota
29097,Arkansas
29103,Missouri
29109,Arkansas
29117,Missouri
29131,Missouri
29137,Missouri
29151,Missouri
29159,Missouri
29169,Missouri
29179,Arkansas State
29195,Missouri
29205,Missouri
29211,Missouri
29221,Missouri
29229,Arkansas State
30013,Washington State
30037,Utah State
30043,Washington State
31121,Nebraska
31125,Nebraska
31135,Colorado State
31137,Nebraska
31147,Kansas
31159,Nebraska
31163,Nebraska
31171,Nebraska
31183,Nebraska
32009,UNLV
32021,Nevada
32033,BYU
34007,Temple
34015,Temple
34031,Rutgers
35001,New Mexico
35006,New Mexico
30051,Washington State
30059,Utah State
30069,Wyoming
30093,Boise State
30099,Washington State
30107,Utah State
31003,Nebraska
31009,Nebraska
31023,Nebraska
31035,Nebraska
31037,Nebraska
31047,Nebraska
31053,Nebraska
31063,Nebraska
31073,Nebraska
31085,Nebraska
31093,Nebraska
31097,Nebraska
31117,Nebraska
28079,Mississippi State
28083,Ole Miss
28095,Mississippi State
28099,Mississippi State
28103,Mississippi State
28115,Mississippi State
28117,Ole Miss
28127,Southern Miss
28139,Ole Miss
28151,Louisiana–Monroe
29001,Missouri
29009,Arkansas
29021,Kansas
29033,Missouri
29043,Arkansas
29053,Missouri
29065,Arkansas State
29075,Kansas
29085,Missouri
37001,North Carolina
37005,Appalachian State
37017,Coastal Carolina
37021,Appalachian State
37027,Appalachian State
37055,East Carolina
37057,Charlotte
37067,Wake Forest
37081,North Carolina
37091,Old Dominion
37103,East Carolina
37117,East Carolina
37127,East Carolina
37141,East Carolina
37151,North Carolina
37165,Coastal Carolina
37167,Charlotte
39055,Kent State
39063,Bowling Green
39065,Ohio State
39075,Akron
39089,Ohio
39097,Ohio State
39109,Miami (OH)
39121,Ohio
39131,Marshall
39143,Bowling Green
39147,Bowling Green
39159,Ohio State
39169,Akron
39173,Bowling Green
40009,Oklahoma
40019,North Texas
40031,Oklahoma
40043,Oklahoma
40053,Oklahoma State
37181,Duke
37191,East Carolina
37197,Wake Forest
38007,Wyoming
38019,Minnesota
38031,Minnesota
38035,Minnesota
38045,Minnesota
38061,Minnesota
38073,Minnesota
38079,Minnesota
38091,Minnesota
38103,Minnesota
39003,Bowling Green
39015,Cincinnati
39027,Cincinnati
39039,Bowling Green
39047,Ohio State
35015,Texas Tech
35027,New Mexico State
35028,New Mexico
35045,New Mexico
35053,New Mexico State
36003,Penn State
36021,Army
36037,Buffalo
36043,Syracuse
36057,UMass
36069,Syracuse
36083,UMass
36095,Army
36109,Syracuse
36121,Buffalo
36123,Syracuse
42013,Penn State
42015,Penn State
42021,Penn State
42031,Pittsburgh
42047,Penn State
42063,Pittsburgh
42069,Rutgers
42087,Penn State
42093,Penn State
42105,Penn State
42113,Penn State
42123,Penn State
45005,Georgia Southern
45009,South Carolina
45027,South Carolina
45039,South Carolina
47005,Vanderbilt
47007,Middle Tennessee
47013,Tennessee
47027,Western Kentucky
47031,Middle Tennessee
47045,Memphis
47057,Tennessee
47069,Ole Miss
47081,Vanderbilt
47093,Tennessee
47105,Tennessee
47117,Middle Tennessee
47129,Tennessee
47139,Tennessee
47151,Tennessee
47173,Tennessee
47179,Appalachian State
45049,Georgia Southern
45053,Georgia Southern
45075,South Carolina
45081,South Carolina
46003,Nebraska
46007,Wyoming
46017,Nebraska
46029,Minnesota
46035,Nebraska
46043,Nebraska
46055,Wyoming
46061,Nebraska
46087,Nebraska
46095,Nebraska
46103,Wyoming
46111,Nebraska
46125,Nebraska
46137,Wyoming
40059,Oklahoma State
40063,Oklahoma
40073,Oklahoma
40081,Oklahoma
40087,Oklahoma
40097,Arkansas
40109,Oklahoma
40123,Oklahoma
40127,Arkansas
40147,Tulsa
40153,Oklahoma State
41017,Oregon
41031,Oregon
41037,Nevada
41053,Oregon State
41069,Oregon
42005,Pittsburgh
48357,Oklahoma
48359,Texas Tech
48367,TCU
48379,SMU
48381,Texas Tech
48393,Texas Tech
48397,SMU
48411,Texas
48425,TCU
48429,TCU
48433,Texas Tech
48445,Texas Tech
48449,SMU
48459,Louisiana Tech
48463,UTSA
48475,Texas Tech
48491,Texas
48497,TCU
48507,UTSA
49011,Utah
47185,Middle Tennessee
47189,Middle Tennessee
48009,North Texas
48011,Texas Tech
48021,Texas
48031,Texas State
48047,UTSA
48053,Texas
48063,SMU
48069,Texas Tech
48079,Texas Tech
48095,UTSA
48099,Baylor
48103,Texas Tech
48115,Texas Tech
48123,Texas State
48127,UTSA
48137,UTSA
48149,Texas State
48159,SMU
48169,Texas Tech
48177,Texas State
48179,Texas Tech
48185,Sam Houston
48191,Texas Tech
48195,Texas Tech
48217,Baylor
48227,Texas Tech
48233,Texas Tech
48247,UTSA
48251,TCU
48263,Texas Tech
48265,UTSA
48275,TCU
48283,UTSA
48297,UTSA
48303,Texas Tech
48309,Baylor
48319,UTSA
48329,Texas Tech
48339,Houston
48349,Baylor
48353,Texas Tech
51121,Virginia Tech
51125,Liberty
51141,Wake Forest
51145,Virginia
51155,Virginia Tech
51157,James Madison
51173,Appalachian State
51187,Maryland
51197,Virginia Tech
51510,Maryland
51530,Liberty
51540,Virginia
51595,Old Dominion
51660,James Madison
51670,Old Dominion
51760,Virginia
51775,Virginia Tech
51820,Virginia
53013,Washington State
53021,Washington State
55029,Central Michigan
55033,Minnesota
55039,Wisconsin
55045,Wisconsin
55063,Wisconsin
55069,Wisconsin
55073,Wisconsin
55081,Wisconsin
55095,Minnesota
55103,Wisconsin
55115,Wisconsin
55129,Minnesota
55141,Wisconsin
56025,Wyoming
56031,Wyoming
56033,Wyoming
56045,Wyoming
72013,Miami
53041,Washington
53045,Washington
53065,Washington State
54001,West Virginia
54007,West Virginia
54013,Ohio
54021,West Virginia
54039,Marshall
54049,West Virginia
54061,West Virginia
54079,Marshall
54089,Virginia Tech
54101,Virginia Tech
55003,Minnesota
55005,Minnesota
55007,Minnesota
55017,Minnesota
55025,Wisconsin
49029,Utah
49031,BYU
49035,Utah
49051,BYU
50005,UMass
50019,UMass
51007,Virginia
51017,Liberty
51029,Liberty
51043,Maryland
51047,Virginia
51063,Virginia Tech
51075,Virginia
51101,Old Dominion
51111,Duke
51113,Virginia
01023,South Alabama
01025,South Alabama
01029,Jacksonville State
01031,Troy
01037,Auburn
01047,Troy
01055,Jacksonville State
01059,UAB
01061,Troy
01067,Troy
01071,Jacksonville State
01081,Auburn
01085,Troy
01087,Auburn
01089,Jacksonville State
02070,Washington
02110,Washington
02130,Washington
02185,Washington
02195,Washington
02220,Washington
02230,Washington
05143,Arkansas
05147,Arkansas State
06003,Nevada
06007,Nevada
01093,Alabama
01095,Jacksonville State
01097,South Alabama
01101,Troy
01117,UAB
01119,Alabama
01125,UAB
01131,Troy
02020,Washington
02068,Washington
72019,Miami
72025,Miami
72031,Miami
72045,Miami
72054,Miami
72061,Miami
72069,Miami
72083,Miami
72093,Miami
72105,Miami
72115,Miami
72129,Miami
72135,Miami
72145,Miami
01007,UAB
01011,Troy
01015,Jacksonville State
06045,California
06049,Nevada
06051,Fresno State
06057,Nevada
06059,San Diego State
06065,San Diego State
06069,Fresno State
06073,San Diego State
06075,California
06113,California
08001,Air Force
08007,New Mexico
08009,Air Force
08015,Air Force
08017,Air Force
08021,New Mexico
08023,Air Force
08029,Air Force
08037,Colorado
08043,Air Force
06081,Stanford
06083,UCLA
06087,San Jose State
06095,California
06101,California
06103,Nevada
06109,Fresno State
06009,Nevada
06013,San Jose State
06015,Oregon
02013,Washington
13149,Georgia State
20059,Kansas
06025,San Diego State
06029,USC
06031,Fresno State
06039,Fresno State
13067,Georgia Tech
13069,Georgia Southern
13073,South Carolina
13077,Georgia State
13081,Florida State
13087,Florida State
13093,Georgia Southern
13095,Florida State
13101,Florida
13103,Georgia Southern
13109,Georgia Southern
13115,Georgia Tech
13119,Georgia
08061,Air Force
08063,Air Force
08069,Colorado State
12089,Florida
12091,Troy
12097,UCF
12099,Florida Atlantic
12101,South Florida
12107,UCF
12109,Florida
12113,South Alabama
12115,South Florida
12117,UCF
12127,UCF
12131,Florida State
13003,Georgia Southern
13005,Georgia Southern
13009,Georgia
13015,Georgia Tech
13023,Georgia Southern
13025,Georgia Southern
13031,Georgia Southern
13037,Florida State
13049,Florida
13053,Auburn
13057,Georgia Tech
13063,Georgia State
09013,UConn
10005,Navy
11001,Maryland
12003,Florida
12005,Florida State
12011,Miami
12015,Florida Atlantic
12071,FIU
12079,Florida State
12081,South Florida
02275,Washington
08085,Air Force
12017,South Florida
12029,Florida
12031,Florida
12041,Florida
12043,Florida Atlantic
12045,Florida State
12049,South Florida
12051,FIU
12053,South Florida
12061,Florida Atlantic
12063,Florida State
12069,UCF
08075,Colorado State
08077,Colorado
08081,Colorado
08087,Colorado State
08091,Air Force
08097,Air Force
08103,Colorado
08109,Air Force
08119,Air Force
08121,Air Force
08125,Air Force
09003,UConn
09007,UConn
05015,Arkansas
05017,Louisiana–Monroe
05025,Louisiana–Monroe
05027,Louisiana Tech
05033,Arkansas
05045,Arkansas State
05047,Arkansas
05053,Louisiana–Monroe
05059,Louisiana Tech
05067,Arkansas State
05073,Louisiana Tech
05081,Louisiana Tech
05083,Arkansas
05087,Arkansas
15001,Hawaii
15007,Hawaii
16001,Boise State
16003,Boise State
16009,Washington State
16017,Washington State
16019,Utah State
05089,Arkansas State
05091,Louisiana Tech
05093,Memphis
05099,Louisiana Tech
05103,Louisiana Tech
05113,Arkansas
05115,Arkansas
05121,Arkansas State
05133,Louisiana Tech
05137,Arkansas State
13317,Georgia
13321,Florida State
04005,Arizona State
04009,Arizona
04011,Arizona
04012,Arizona State
04017,Arizona
04021,Arizona
04023,Arizona
04027,Arizona State
05003,Louisiana–Monroe
05013,Louisiana–Monroe
16071,Utah State
16077,Utah State
16079,Washington State
16083,Utah State
17003,Arkansas State
17007,Northern Illinois
17011,Northern Illinois
17015,Northern Illinois
17023,Indiana
17033,Indiana
17037,Northern Illinois
17041,Illinois
17043,Northwestern
18117,Louisville
18121,Indiana
18127,Notre Dame
18135,Ball State
18137,Cincinnati
18141,Notre Dame
18149,Notre Dame
18151,Bowling Green
18159,Ball State
18161,Miami (OH)
18167,Indiana
18169,Ball State
18175,Louisville
18181,Purdue
19001,Iowa State
17047,Indiana
17051,Illinois
17053,Illinois
17057,Illinois
17063,Northern Illinois
18055,Indiana
18057,Ball State
18065,Ball State
18067,Ball State
18071,Louisville
18077,Louisville
18087,Notre Dame
18091,Notre Dame
18097,Indiana
18101,Indiana
18103,Ball State
18109,Indiana
16023,Utah State
16025,Boise State
16029,Utah State
16033,Utah State
16041,Utah State
16043,Utah State
16047,Boise State
16053,Utah State
16055,Washington State
16061,Washington State
16065,Utah State
16069,Washington State
18007,Purdue
18013,Indiana
18015,Purdue
18019,Louisville
18025,Louisville
18031,Miami (OH)
18035,Ball State
18045,Purdue
13137,Georgia
13141,Georgia
13147,Clemson
13155,Florida State
13159,Georgia
13165,Georgia Southern
13171,Georgia State
13173,Florida State
20091,Kansas
20097,Oklahoma State
20099,Tulsa
20103,Kansas
20109,Air Force
20113,Kansas State
20119,Oklahoma State
20125,Tulsa
20131,Kansas State
20141,Kansas State
20143,Kansas State
20157,Kansas State
20165,Kansas State
20167,Kansas State
20171,Kansas State
20177,Kansas
22057,Tulane
22061,Louisiana Tech
22063,Tulane
22069,Louisiana Tech
22075,Tulane
22079,Louisiana
22081,Louisiana Tech
22085,Louisiana Tech
21111,Louisville
21113,Kentucky
21123,Louisville
21129,Kentucky
21135,Marshall
21139,Western Kentucky
21145,Vanderbilt
21153,Marshall
21159,Marshall
21167,Kentucky
21171,Western Kentucky
21173,Kentucky
21179,Kentucky
19053,Iowa State
18003,Ball State
13181,Georgia
19061,Wisconsin
19069,Iowa State
19075,Iowa State
19077,Iowa State
19089,Iowa
19093,Iowa State
19101,Iowa
19103,Iowa
19107,Iowa
19111,Iowa
19127,Iowa State
19129,Nebraska
19135,Iowa
19139,Iowa
19145,Nebraska
20181,Air Force
19153,Iowa State
19155,Nebraska
19159,Iowa State
19163,Iowa
19171,Iowa
19177,Iowa
19183,Iowa
19189,Iowa State
19193,Iowa State
20003,Kansas
20009,Kansas State
20017,Kansas State
20019,Tulsa
13211,Georgia
27081,Minnesota
27089,Minnesota
27091,Iowa State
27095,Minnesota
27097,Minnesota
27099,Minnesota
27105,Iowa State
27109,Minnesota
27111,Minnesota
27115,Minnesota
27117,Minnesota
27119,Minnesota
27129,Minnesota
27133,Iowa State
19059,Iowa State
27141,Minnesota
27145,Minnesota
27149,Minnesota
27157,Minnesota
27163,Minnesota
27171,Minnesota
28005,LSU
28009,Ole Miss
28011,Ole Miss
28015,Mississippi State
28021,Southern Miss
28031,Southern Miss
28039,South Alabama
19149,Iowa State
28045,Tulane
28051,Mississippi State
28053,Mississippi State
28059,South Alabama
28067,Southern Miss
28073,Southern Miss
23007,Boston College
13215,Auburn
13239,Troy
27077,Minnesota
45031,Coastal Carolina
45035,Coastal Carolina
45037,South Carolina
47011,Tennessee
47017,Vanderbilt
47021,Vanderbilt
47025,Tennessee
47033,Memphis
47035,Tennessee
47041,Middle Tennessee
47047,Memphis
47049,Tennessee
47059,Appalachian State
47061,Middle Tennessee
27137,Minnesota
23015,Boston College
23021,Boston College
23023,Boston College
23031,Boston College
28041,South Alabama
31149,Nebraska
31151,Nebraska
31155,Nebraska
31161,Colorado State
31169,Nebraska
31173,Nebraska
31181,Nebraska
32005,Nevada
32007,Utah
32013,Nevada
32017,UNLV
32023,UNLV
23011,Boston College
39105,Ohio
39107,Ball State
39117,Ohio State
39119,Ohio
39125,Bowling Green
39129,Ohio
39133,Kent State
39135,Miami (OH)
39139,Ohio State
39141,Ohio
39149,Ohio State
39151,Kent State
39157,Akron
39161,Bowling Green
47065,Tennessee
47067,Appalachian State
47071,Ole Miss
47077,Vanderbilt
47083,Vanderbilt
47087,Middle Tennessee
47095,Arkansas State
47101,Vanderbilt
47107,Tennessee
47109,Ole Miss
47111,Middle Tennessee
47119,Middle Tennessee
47125,Vanderbilt
47135,Vanderbilt
47137,Tennessee
24011,Navy
24013,Maryland
24021,Maryland
24023,West Virginia
24031,Maryland
24033,Navy
24043,Maryland
32031,Nevada
32510,Nevada
33003,Boston College
33009,Boston College
33015,Boston College
33019,UMass
34003,Rutgers
34009,Temple
34013,Rutgers
39167,West Virginia
39171,Bowling Green
39175,Ohio State
40003,Oklahoma State
40011,Oklahoma
40013,North Texas
40017,Oklahoma
40025,Texas Tech
40029,Oklahoma
40035,Arkansas
40039,Oklahoma
40045,Oklahoma
40049,Oklahoma
40055,Oklahoma
37193,Wake Forest
47141,Tennessee
48045,Texas Tech
48049,Baylor
48055,Texas State
48061,UTSA
48065,Texas Tech
48067,Louisiana Tech
48073,Sam Houston
48077,North Texas
48081,Texas Tech
48085,SMU
48087,Texas Tech
48091,Texas State
24047,Navy
25007,Boston College
25013,UConn
25015,UMass
25017,Boston College
34017,Rutgers
34019,Rutgers
34021,Rutgers
34029,Temple
34033,Temple
34035,Rutgers
34041,Rutgers
35007,New Mexico
30055,Wyoming
30057,Utah State
37195,East Carolina
37199,Appalachian State
38005,Minnesota
38009,Minnesota
38017,Minnesota
38027,Minnesota
38029,Minnesota
38037,Minnesota
38039,Minnesota
38043,Minnesota
38047,Minnesota
38053,Wyoming
38059,Minnesota
38063,Minnesota
47001,Tennessee
47003,Middle Tennessee
40065,Oklahoma
40071,Oklahoma State
40083,Oklahoma State
40085,North Texas
40091,Tulsa
40099,Oklahoma
40101,Tulsa
40107,Tulsa
40111,Tulsa
40117,Tulsa
40119,Oklahoma State
40125,Oklahoma
25021,Boston College
25023,Boston College
26003,Central Michigan
26005,Western Michigan
26007,Central Michigan
30063,Washington State
30065,Wyoming
30071,Wyoming
30077,Washington State
30083,Wyoming
30087,Wyoming
30091,Wyoming
30097,Utah State
30101,Washington State
38065,Minnesota
38067,Minnesota
38071,Minnesota
38075,Minnesota
38081,Minnesota
38089,Wyoming
38093,Minnesota
38097,Minnesota
38101,Minnesota
39001,Marshall
39005,Akron
39011,Ohio State
39013,West Virginia
39017,Cincinnati
39019,Pittsburgh
42003,Pittsburgh
42007,Pittsburgh
48361,Houston
48369,Texas Tech
48383,Texas Tech
48385,UTSA
48387,SMU
48395,Texas A&M
48399,Texas
48403,Louisiana Tech
48415,Texas Tech
48417,TCU
48419,Louisiana Tech
48423,Sam Houston
48427,UTSA
48431,Texas Tech
26017,Central Michigan
26019,Central Michigan
26021,Notre Dame
26027,Notre Dame
26031,Central Michigan
26033,Central Michigan
30109,Wyoming
31007,Colorado State
31011,Nebraska
31013,Wyoming
31019,Nebraska
31025,Nebraska
31029,Colorado State
31033,Colorado State
31039,Nebraska
31045,Wyoming
31051,Nebraska
31057,Colorado State
31071,Nebraska
31075,Colorado State
39023,Ohio State
39025,Cincinnati
39029,Pittsburgh
39033,Ohio State
39037,Miami (OH)
39041,Ohio State
39043,Toledo
39049,Ohio State
35019,New Mexico
35021,Texas Tech
35025,Texas Tech
35033,New Mexico
35039,New Mexico
47143,Tennessee
47147,Vanderbilt
47149,Middle Tennessee
47155,Tennessee
47161,Vanderbilt
47167,Memphis
47175,Middle Tennessee
47177,Middle Tennessee
45055,South Carolina
45061,South Carolina
45065,South Carolina
45071,South Carolina
45073,Clemson
26041,Central Michigan
26043,Wisconsin
26047,Central Michigan
26051,Central Michigan
26065,Michigan
26069,Central Michigan
17131,Iowa
13191,Georgia Southern
31079,Nebraska
31081,Nebraska
31083,Nebraska
31087,Nebraska
31099,Nebraska
31101,Colorado State
31105,Colorado State
31109,Nebraska
31115,Nebraska
31119,Nebraska
28091,Southern Miss
28097,Mississippi State
28101,Southern Miss
28109,Southern Miss
28119,Ole Miss
28121,Southern Miss
28129,Southern Miss
35041,Texas Tech
35043,New Mexico
35049,New Mexico
35057,New Mexico
35061,New Mexico
36007,Syracuse
36011,Syracuse
36013,Buffalo
36019,UMass
36027,Army
36033,Syracuse
36035,UMass
36039,Army
40131,Tulsa
40135,Arkansas
40137,Oklahoma
40143,Tulsa
40145,Tulsa
40149,Oklahoma
41003,Oregon
41005,Oregon State
41011,Oregon
41013,Oregon
41021,Washington State
41027,Oregon State
26075,Michigan
26079,Central Michigan
26081,Western Michigan
26087,Eastern Michigan
26093,Michigan
26095,Central Michigan
26099,Eastern Michigan
26101,Central Michigan
26115,Toledo
28137,Ole Miss
28141,Mississippi State
28143,Ole Miss
28153,Southern Miss
28155,Mississippi State
28157,LSU
28163,Mississippi State
29007,Missouri
29017,Arkansas State
29023,Arkansas State
29029,Missouri
29035,Arkansas State
29041,Missouri
29045,Iowa
36041,UMass
36045,Syracuse
36051,Buffalo
36055,Syracuse
36059,Rutgers
36063,Buffalo
36071,Army
36073,Buffalo
36075,Syracuse
48435,UTSA
48437,Texas Tech
48441,TCU
48447,TCU
48451,UTSA
48453,Texas
48457,Sam Houston
48467,SMU
48469,Rice
48477,Texas A&M
48483,Oklahoma
48485,North Texas
48489,UTSA
48499,SMU
49001,BYU
49007,BYU
26071,Wisconsin
26125,Eastern Michigan
26131,Minnesota
26135,Central Michigan
26145,Michigan State
26147,Eastern Michigan
26157,Eastern Michigan
29047,Kansas
29051,Missouri
29055,Missouri
29057,Arkansas
29061,Missouri
29067,Arkansas State
29073,Missouri
29077,Arkansas
29079,Missouri
29087,Kansas
37011,Appalachian State
37013,East Carolina
37019,Coastal Carolina
37025,Charlotte
13223,Georgia Tech
36081,Rutgers
36087,Army
36089,Syracuse
36093,UMass
36099,Syracuse
36103,UConn
36107,Syracuse
36117,Syracuse
42017,Temple
42023,Penn State
45079,South Carolina
45083,Clemson
45085,Coastal Carolina
45089,Coastal Carolina
46005,Minnesota
46011,Minnesota
46019,Wyoming
46023,Nebraska
46033,Wyoming
46039,Minnesota
46041,Nebraska
46045,Minnesota
46051,Minnesota
46059,Nebraska
26159,Western Michigan
26163,Eastern Michigan
27001,Minnesota
27003,Minnesota
27011,Minnesota
27017,Minnesota
27025,Minnesota
27035,Minnesota
27037,Minnesota
27041,Minnesota
27043,Iowa State
27045,Wisconsin
27053,Minnesota
27059,Minnesota
37035,Charlotte
37037,NC State
37039,Tennessee
37041,Old Dominion
37047,Coastal Carolina
37059,Wake Forest
37061,East Carolina
37065,East Carolina
37069,NC State
37071,Charlotte
37075,Tennessee
37077,NC State
37083,East Carolina
37087,Clemson
42027,Penn State
42029,Temple
42033,Penn State
42039,Pittsburgh
42045,Temple
42049,Buffalo
42051,West Virginia
42055,Maryland
42061,Penn State
42067,Penn State
42073,Pittsburgh
42079,Rutgers
41029,Oregon
41033,Oregon
41039,Oregon
41043,Oregon
41049,Washington State
41051,Oregon State
41059,Washington State
41065,Oregon State
41071,Oregon State
27063,Iowa State
27065,Minnesota
27069,Minnesota
29105,Missouri
29111,Missouri
29119,Arkansas
29125,Missouri
29129,Missouri
29139,Missouri
29141,Missouri
29147,Kansas
29153,Arkansas State
29157,Arkansas State
29161,Missouri
29167,Arkansas
37095,East Carolina
37099,Clemson
37105,NC State
37111,Appalachian State
37115,Appalachian State
37121,Appalachian State
37129,Coastal Carolina
37135,North Carolina
37139,Old Dominion
37143,Old Dominion
37147,East Carolina
37153,Charlotte
42085,Pittsburgh
42089,Rutgers
42095,Rutgers
42101,Temple
42109,Penn State
42111,West Virginia
42115,Army
42119,Penn State
42121,Pittsburgh
42125,West Virginia
42133,Navy
49009,BYU
49013,BYU
49019,BYU
49023,BYU
48001,Sam Houston
48013,UTSA
48015,Rice
48017,Texas Tech
48023,TCU
48025,UTSA
48029,UTSA
48033,Texas Tech
48035,Baylor
48039,Houston
29171,Missouri
29175,Missouri
29177,Missouri
29181,Arkansas State
29186,Arkansas State
29187,Arkansas State
29197,Missouri
29203,Arkansas State
29207,Arkansas State
29213,Arkansas
29219,Missouri
29225,Arkansas
29510,Missouri
30003,Wyoming
37159,Charlotte
37163,Coastal Carolina
37169,Wake Forest
37175,Clemson
39061,Cincinnati
39071,Cincinnati
39077,Akron
39081,Pittsburgh
39087,Marshall
39093,Akron
39099,Pittsburgh
39101,Ohio State
44001,Boston College
44003,UConn
44005,UConn
45001,Clemson
45003,South Carolina
45007,Clemson
45017,South Carolina
45023,South Carolina
45025,Coastal Carolina
46063,Wyoming
46065,Nebraska
46069,Nebraska
46075,Nebraska
46079,Minnesota
46085,Nebraska
46093,Wyoming
46097,Nebraska
46101,Minnesota
46113,Wyoming
46115,Minnesota
46117,Nebraska
46121,Nebraska
46127,Nebraska
30005,Washington State
30009,Utah State
30015,Washington State
30019,Wyoming
30023,Washington State
30029,Washington State
30035,Washington State
30041,Washington State
31129,Nebraska
31133,Kansas State
31141,Nebraska
19007,Iowa
19011,Iowa
19015,Iowa State
19019,Iowa
19023,Iowa State
19027,Iowa State
19033,Iowa State
17081,Indiana
17091,Purdue
17093,Northern Illinois
17099,Northern Illinois
17101,Indiana
17105,Illinois
17109,Iowa
17111,Northwestern
17117,Illinois
17125,Illinois
17127,Western Kentucky
13185,Florida State
13189,Georgia Southern
13195,Georgia
13199,Auburn
13205,Florida State
13209,Georgia Southern
13213,Georgia Tech
13221,Georgia
13229,Georgia Southern
13231,Georgia State
13235,Georgia Southern
13241,Clemson
13247,Georgia State
13255,Georgia State
13257,Clemson
13267,Georgia Southern
13269,Auburn
20183,Kansas State
20187,Air Force
20189,Oklahoma State
20197,Kansas
20207,Kansas
21191,Kentucky
21193,Tennessee
21201,Kentucky
21205,Marshall
21207,Kentucky
21217,Kentucky
21221,Vanderbilt
21231,Tennessee
21233,Western Kentucky
21237,Marshall
21239,Kentucky
22005,Tulane
22091,LSU
22093,Tulane
22097,Louisiana
22099,LSU
22103,Tulane
22113,Louisiana
22117,Tulane
21011,Kentucky
21013,Tennessee
21015,Cincinnati
21027,Western Kentucky
21029,Louisville
17133,Missouri
17137,Illinois
17141,Northern Illinois
17143,Illinois
17147,Illinois
17153,Arkansas State
17159,Indiana
17165,Western Kentucky
17167,Illinois
17177,Northern Illinois
17183,Illinois
17191,Indiana
17195,Northern Illinois
17197,Northwestern
18001,Ball State
13275,Florida State
13279,Georgia Southern
13281,Clemson
13289,Georgia Southern
13295,Jacksonville State
13301,Georgia Southern
20035,Tulsa
20041,Kansas State
20047,Oklahoma State
20051,Kansas State
20053,Kansas State
20057,Oklahoma State
20063,Kansas State
20073,Tulsa
20077,Oklahoma State
20079,Kansas State
20087,Kansas
22011,Louisiana
22015,Louisiana Tech
22017,Louisiana Tech
22023,Louisiana
22031,Louisiana Tech
22035,Louisiana–Monroe
22041,Louisiana–Monroe
22043,Louisiana–Monroe
22049,Louisiana–Monroe
22051,Tulane
22055,Louisiana
21035,Vanderbilt
21039,Vanderbilt
21041,Cincinnati
21045,Kentucky
21057,Western Kentucky
21065,Kentucky
21067,Kentucky
21071,Marshall
21079,Kentucky
21083,Vanderbilt
21085,Western Kentucky
21091,Western Kentucky
21097,Kentucky
21101,Western Kentucky
21107,Western Kentucky
48267,UTSA
48271,UTSA
48277,SMU
48281,Texas
48285,Rice
48287,Texas A&M
48291,Houston
48293,Baylor
48295,Oklahoma
48301,Texas Tech
48305,Texas Tech
48307,Texas
48317,Texas Tech
48323,UTSA
48327,UTSA
48331,Texas A&M
48333,Baylor
51800,Old Dominion
51810,Old Dominion
51840,James Madison
53001,Washington State
53003,Washington State
53005,Washington State
53015,Washington
53017,Washington State
53019,Washington State
53023,Washington State
53025,Washington State
51600,Maryland
55101,Northwestern
55107,Minnesota
55111,Wisconsin
55113,Minnesota
55119,Wisconsin
55123,Wisconsin
55125,Wisconsin
55133,Northwestern
55139,Wisconsin
56003,Wyoming
56009,Wyoming
56017,Wyoming
56019,Wyoming
54023,James Madison
54025,Virginia Tech
54027,James Madison
54033,West Virginia
54037,Maryland
54045,Marshall
54051,West Virginia
54053,Marshall
54059,Marshall
54065,Maryland
54069,West Virginia
54075,Virginia Tech
48341,Texas Tech
54083,James Madison
54087,Ohio
54091,West Virginia
54093,James Madison
54097,West Virginia
54099,Marshall
54103,West Virginia
54105,Ohio
54107,Ohio
55011,Minnesota
55013,Minnesota
55019,Wisconsin
55021,Wisconsin
55023,Wisconsin
53029,Washington
49039,BYU
49043,BYU
49045,BYU
49049,BYU
49057,Utah
50003,UMass
50007,UMass
50011,UMass
50015,UMass
50021,UMass
56023,Utah State
51005,Liberty
51011,Liberty
51013,Maryland
51015,Virginia
51019,Liberty
51025,East Carolina
51031,Liberty
51033,Maryland
51036,Old Dominion
51045,Virginia Tech
51049,Virginia
51051,Appalachian State
54081,Virginia Tech
51061,Virginia
51067,Liberty
51069,James Madison
51073,Old Dominion
51081,Old Dominion
51085,Old Dominion
51091,James Madison
51095,Old Dominion
51103,Old Dominion
49037,New Mexico
51119,Old Dominion
72027,Miami
72035,Miami
72041,Miami
72043,Miami
72053,Miami
72055,Miami
72059,Miami
72067,Miami
72073,Miami
50025,UMass
72005,Miami
53037,Washington
53039,Washington State
53059,Oregon State
53075,Washington State
54017,West Virginia
54029,Pittsburgh
54043,Marshall
54055,Virginia Tech
54073,Ohio
54085,West Virginia
54095,West Virginia
51057,Old Dominion
72079,Miami
72081,Miami
72089,Miami
72095,Miami
72101,Miami
72103,Miami
72109,Miami
72117,Miami
72119,Miami
72125,Miami
72131,Miami
72137,Miami
72143,Miami
51115,Old Dominion
22095,Tulane
22111,Louisiana–Monroe
21001,Western Kentucky
21005,Kentucky
21007,Vanderbilt
21019,Marshall
21037,Cincinnati
21049,Kentucky
21061,Western Kentucky
21069,Kentucky
21081,Kentucky
21093,Western Kentucky
21109,Kentucky
21125,Kentucky
21131,Tennessee
72075,Miami
40037,Tulsa
40047,Oklahoma State
37183,NC State
37187,East Carolina
38003,Minnesota
38013,Minnesota
38025,Wyoming
38041,Wyoming
38055,Minnesota
38069,Minnesota
38087,Wyoming
38095,Minnesota
39009,Ohio
39021,Ohio State
54109,Virginia Tech
55015,Wisconsin
55027,Wisconsin
49027,BYU
49033,Utah State
49041,BYU
49055,BYU
50013,UMass
51003,Virginia
51009,Liberty
51023,Liberty
51035,Wake Forest
51053,Old Dominion
51065,Virginia
72147,Miami
72151,Miami
72153,Miami
01003,South Alabama
01027,Auburn
01041,Troy
01057,Alabama
01073,UAB
01091,Alabama
01103,UAB
01115,UAB
01129,South Alabama
21147,Tennessee
21165,Kentucky
21181,Kentucky
19041,Iowa State
19043,Iowa
19049,Iowa State
19057,Iowa
19073,Iowa State
19081,Iowa State
19091,Iowa State
19099,Iowa State
19115,Iowa
19131,Iowa State
19147,Iowa State
19157,Iowa
19165,Iowa State
19179,Iowa
19187,Iowa State
19197,Iowa State
39031,Akron
39045,Ohio
35013,UTEP
35017,New Mexico State
35037,Texas Tech
35059,Texas Tech
36017,Syracuse
36031,UMass
36049,Syracuse
36065,Syracuse
36077,Syracuse
51079,Virginia
12129,Florida State
13011,Georgia
13019,Florida State
13027,Florida State
13033,Georgia Southern
13039,Florida
13051,Georgia Southern
13061,Troy
02240,Washington
05149,Arkansas
06011,California
06027,UNLV
06047,Fresno State
06063,Nevada
06077,San Jose State
06091,Nevada
06107,Fresno State
08011,Air Force
08019,Colorado
08027,Air Force
20013,Kansas
20023,Air Force
27071,Minnesota
27079,Minnesota
27087,Minnesota
27101,Minnesota
27107,Minnesota
27125,Minnesota
27131,Minnesota
27143,Minnesota
27159,Minnesota
27169,Wisconsin
28007,Mississippi State
28023,Southern Miss
28035,Southern Miss
28043,Mississippi State
36091,UMass
36101,Syracuse
36113,UMass
42011,Temple
42019,Pittsburgh
42025,Rutgers
42037,Penn State
42053,Penn State
42057,Penn State
42075,Temple
42081,Penn State
42099,Penn State
42117,Penn State
42131,Rutgers
72149,Miami
01005,Troy
01013,Troy
01019,Jacksonville State
06041,California
06053,Fresno State
06061,Nevada
02090,Washington
08041,Air Force
08049,Colorado
12085,Florida Atlantic
12093,Florida Atlantic
12105,UCF
12121,Florida
12133,Florida State
13007,Florida State
13021,Georgia State
13035,Georgia State
13047,Jacksonville State
13065,Florida
13075,Florida State
28057,Mississippi State
28069,Mississippi State
22119,Louisiana Tech
22125,LSU
23017,Boston College
24015,Navy
24027,Maryland
25001,Boston College
25003,UMass
25027,Boston College
26025,Michigan State
26039,Central Michigan
26049,Michigan
44007,Boston College
45021,Charlotte
45033,Coastal Carolina
45045,Clemson
47009,Tennessee
47019,Appalachian State
47037,Vanderbilt
47051,Middle Tennessee
47063,Tennessee
47075,Memphis
47085,Vanderbilt
47099,Middle Tennessee
47113,Memphis
47127,Middle Tennessee
06019,Fresno State
06023,California
06035,Nevada
06037,San Diego State
13085,Georgia
13099,Florida State
13117,Georgia Tech
08051,Air Force
08055,Air Force
08065,Air Force
08079,Air Force
08089,Air Force
08101,Air Force
08117,Colorado
09005,UConn
12007,Florida
12019,Florida
12027,South Florida
12035,UCF
26059,Toledo
26063,Central Michigan
26113,Central Michigan
26119,Central Michigan
26129,Central Michigan
26137,Central Michigan
26149,Western Michigan
27005,Minnesota
27013,Minnesota
27023,Minnesota
27033,Minnesota
27047,Minnesota
27061,Minnesota
29095,Kansas
47133,Tennessee
47145,Tennessee
47159,Middle Tennessee
47165,Vanderbilt
45047,South Carolina
45051,Coastal Carolina
45059,South Carolina
45069,Coastal Carolina
45087,South Carolina
46015,Nebraska
46025,Minnesota
46037,Minnesota
46049,Minnesota
46057,Minnesota
46067,Nebraska
46077,Minnesota
51097,Old Dominion
51109,Virginia
01035,Troy
01039,Troy
01049,Jacksonville State
01053,Troy
01063,Alabama
01069,Florida State
01075,Alabama
01077,UAB
12047,Florida
12067,Florida
12077,Florida State
04001,Arizona
04007,Arizona
04019,Arizona
05011,Louisiana–Monroe
05023,Arkansas State
05037,Memphis
05039,Louisiana–Monroe
05055,Arkansas State
05065,Arkansas State
05079,Louisiana–Monroe
29099,Missouri
29115,Missouri
29121,Missouri
29135,Missouri
29145,Arkansas
29163,Missouri
29173,Missouri
29185,Missouri
29201,Arkansas State
29215,Arkansas State
29223,Arkansas State
30007,Washington State
30021,Wyoming
30031,Utah State
46091,Minnesota
46107,Minnesota
46119,Nebraska
46129,Minnesota
40057,Oklahoma
40061,Arkansas
40069,North Texas
40075,Oklahoma
40093,Oklahoma State
40103,Oklahoma State
40115,Arkansas
40133,Oklahoma
40141,Oklahoma
41009,Oregon State
06067,California
06071,Arizona State
06111,UCLA
08005,Air Force
05109,Louisiana Tech
05117,Memphis
05135,Arkansas State
13307,Auburn
13311,Georgia
13315,Georgia Southern
15005,Hawaii
16005,Utah State
16027,Boise State
16039,Boise State
16063,Utah State
16075,Boise State
17001,Missouri
17017,Illinois
30047,Washington State
31123,Colorado State
31127,Nebraska
31143,Nebraska
31153,Nebraska
31167,Nebraska
31179,Nebraska
31185,Nebraska
32011,Nevada
32027,Nevada
33005,UMass
33017,Boston College
34027,Rutgers
34037,Army
41023,Boise State
41047,Oregon State
41061,Washington State
42009,Penn State
48355,UTSA
48363,TCU
48373,Sam Houston
48389,UTEP
48405,Sam Houston
48413,UTSA
48421,Texas Tech
48439,TCU
48455,Sam Houston
48471,Sam Houston
13083,Jacksonville State
13089,Georgia State
13097,Georgia Tech
13105,Georgia
13111,Georgia Tech
13121,Georgia State
08067,New Mexico
08071,Air Force
05095,Memphis
17025,Indiana
17039,Illinois
17045,Illinois
17061,Illinois
17069,Western Kentucky
18049,Notre Dame
18053,Ball State
18063,Indiana
18075,Ball State
18093,Indiana
18099,Notre Dame
18113,Notre Dame
18119,Indiana
18133,Indiana
18145,Miami (OH)
18157,Purdue
35011,Texas Tech
30049,Washington State
30053,Washington State
30075,Wyoming
30085,Wyoming
31001,Nebraska
31005,Colorado State
31017,Nebraska
31027,Nebraska
31041,Nebraska
31059,Nebraska
31069,Colorado State
31077,Nebraska
31089,Nebraska
48481,Rice
48493,Texas State
48503,TCU
49005,Utah State
49017,BYU
47183,Vanderbilt
47187,Middle Tennessee
48003,Texas Tech
48019,UTSA
48027,Baylor
48041,Texas A&M
48059,TCU
48075,Texas Tech
48083,Texas
48089,Rice
02100,Washington
02170,Washington
06001,San Jose State
01105,Alabama
01111,Auburn
01113,Auburn
01123,Auburn
18165,Indiana
19003,Iowa State
19013,Iowa
19025,Iowa State
19035,Iowa State
17071,Iowa
17075,Purdue
17087,Western Kentucky
17095,Illinois
17113,Illinois
17123,Northern Illinois
17135,Illinois
17151,Western Kentucky
17163,Missouri
17187,Iowa
17199,Western Kentucky
31107,Nebraska
28077,Southern Miss
28081,Mississippi State
28085,Southern Miss
28087,Mississippi State
28107,Ole Miss
28123,Southern Miss
28133,Ole Miss
28145,Ole Miss
28159,Mississippi State
29003,Kansas
29015,Missouri
29027,Missouri
29039,Arkansas
29049,Kansas
29059,Missouri
29071,Missouri
48107,Texas Tech
48119,SMU
48131,UTSA
48143,TCU
48153,Texas Tech
48163,UTSA
48171,UTSA
48173,Texas Tech
48175,Texas State
48183,Louisiana Tech
48187,Texas State
48205,Texas Tech
48209,Texas State
48219,Texas Tech
48231,SMU
48241,Houston
48255,Texas State
48269,Texas Tech
48279,Texas Tech
48289,Sam Houston
08033,New Mexico
08039,Air Force
08045,Colorado
06079,UCLA
06093,Nevada
06097,California
06105,California
06017,Nevada
18005,Indiana
18017,Purdue
18027,Indiana
18041,Miami (OH)
18043,Louisville
13127,Georgia Southern
13133,Georgia
13143,Georgia Tech
13153,Georgia Southern
13163,Georgia Southern
13183,Georgia Southern
13193,Auburn
13207,Georgia State
13219,Georgia
13227,Georgia Tech
13237,Georgia
13249,Auburn
29083,Missouri
29093,Arkansas State
37003,Charlotte
37007,Charlotte
37009,Appalachian State
37033,Duke
37045,Charlotte
37063,Duke
37073,Old Dominion
37085,NC State
37097,Charlotte
37109,Charlotte
37123,North Carolina
37133,East Carolina
37145,Duke
48299,Texas
48313,Sam Houston
48325,UTSA
48335,Texas Tech
48343,Louisiana Tech
51127,Old Dominion
51133,Old Dominion
51167,Appalachian State
51179,Maryland
51515,Liberty
51590,Duke
51620,Old Dominion
51680,Liberty
51720,Appalachian State
51740,Old Dominion
51830,Old Dominion
12086,Miami
12103,South Florida
12123,Florida
13259,Auburn
13271,Georgia Southern
13283,Georgia Southern
13297,Georgia
20025,Oklahoma State
20031,Kansas
20033,Oklahoma State
20045,Kansas
20055,Kansas State
20069,Oklahoma State
20081,Oklahoma State
20093,Air Force
20101,Kansas State
20111,Kansas
20123,Kansas State
20133,Tulsa
20139,Kansas
20151,Oklahoma State
20159,Kansas State
20169,Kansas State
37157,North Carolina
37173,Clemson
37179,Charlotte
39059,Ohio
39069,Bowling Green
39083,Ohio State
39091,Ohio State
39103,Akron
39115,Ohio
39127,Ohio
39137,Bowling Green
39153,Akron
39165,Cincinnati
40005,North Texas
40015,Oklahoma
40027,Oklahoma
53011,Oregon State
53035,Washington
55053,Wisconsin
55067,Wisconsin
55078,Wisconsin
55087,Wisconsin
55099,Minnesota
55109,Minnesota
55121,Wisconsin
55135,Wisconsin
56005,Wyoming
56015,Wyoming
56041,Utah
01127,UAB
01133,UAB
02016,Hawaii
02060,Washington
72017,Miami
72021,Miami
72029,Miami
72039,Miami
72051,Miami
72063,Miami
72077,Miami
72085,Miami
72099,Miami
72111,Miami
72123,Miami
72139,Miami
20179,Kansas State
20191,Oklahoma State
20209,Kansas
21185,Louisville
21197,Kentucky
21203,Kentucky
21215,Kentucky
21227,Western Kentucky
21235,Tennessee
22007,LSU
22021,Louisiana–Monroe
22025,LSU
22047,LSU
22059,Louisiana
22067,Louisiana–Monroe
22083,Louisiana–Monroe
48101,Texas Tech
48105,UTSA
48109,UTEP
48111,Texas Tech
48113,SMU
48121,SMU
48125,Texas Tech
48133,TCU
48139,SMU
48145,Baylor
48147,SMU
48151,Texas Tech
48157,Rice
48181,SMU
48189,Texas Tech
48193,Baylor
48345,Texas Tech
48347,Sam Houston
48351,Louisiana
51135,Liberty
51137,Virginia
51139,James Madison
51143,Duke
51153,Maryland
51163,Liberty
51169,Appalachian State
51171,James Madison
51181,Old Dominion
51183,Old Dominion
53033,Washington
55035,Minnesota
55037,Wisconsin
55041,Wisconsin
55043,Wisconsin
55047,Wisconsin
55049,Wisconsin
55055,Wisconsin
55057,Wisconsin
55059,Northwestern
56027,Wyoming
56029,Utah State
56035,Utah State
56037,Wyoming
56043,Wyoming
72001,Miami
72007,Miami
72011,Miami
53043,Washington State
53051,Washington State
53053,Washington
48197,Oklahoma
48199,Houston
48201,Houston
48203,Louisiana Tech
48211,Oklahoma
48213,SMU
48215,UTSA
48223,SMU
48235,UTSA
48237,TCU
48239,Rice
48243,UTEP
48249,UTSA
48253,TCU
48259,UTSA
51185,Virginia Tech
51191,Appalachian State
51195,Appalachian State
51520,Appalachian State
51550,Old Dominion
51580,Virginia Tech
51610,Maryland
51640,Wake Forest
51678,Liberty
51683,Maryland
51685,Maryland
51710,Old Dominion
51730,Old Dominion
51750,Virginia Tech
51790,James Madison
55065,Wisconsin
55075,Wisconsin
55077,Wisconsin
55083,Wisconsin
55085,Wisconsin
55091,Minnesota
55093,Minnesota
55097,Wisconsin
53063,Washington State
53067,Washington
53069,Washington
53077,Washington State
54003,Maryland
54005,Marshall
54009,Pittsburgh
54011,Marshall
54015,Marshall
54019,Virginia Tech
12037,Florida State
12057,South Florida
12065,Florida State
08093,Air Force
08099,Air Force
08107,Colorado
08113,Air Force
08115,Colorado State
05125,Arkansas State
05131,Arkansas
05139,Louisiana–Monroe
02290,Washington
18171,Purdue
18177,Miami (OH)
19005,Wisconsin
17059,Western Kentucky
17067,Iowa
18061,Louisville
18073,Purdue
18081,Indiana
18083,Indiana
18089,Purdue
18107,Purdue
20121,Kansas
20129,Air Force
20137,Kansas State
20147,Kansas State
20153,Kansas State
20161,Kansas State
20175,Oklahoma State
22065,Louisiana–Monroe
09001,Army
05021,Arkansas State
21119,Marshall
21127,Marshall
21133,Appalachian State
21141,Western Kentucky
21149,Western Kentucky
21155,Kentucky
04015,Arizona State
21163,Louisville
21177,Western Kentucky
19051,Iowa
19065,Iowa
19071,Nebraska
19083,Iowa State
19085,Nebraska
19097,Northern Illinois
19109,Iowa State
18111,Purdue
19119,Iowa State
19133,Nebraska
19143,Iowa State
19167,Iowa State
19173,Iowa State
19185,Iowa State
19191,Iowa
20001,Kansas
20007,Oklahoma State
20011,Kansas
22071,Tulane
27075,Minnesota
21161,Kentucky
27123,Minnesota
27135,Minnesota
27151,Minnesota
27155,Minnesota
27165,Minnesota
27167,Minnesota
27173,Minnesota
28001,LSU
28019,Mississippi State
28025,Mississippi State
28027,Ole Miss
19117,Iowa State
37053,Old Dominion
37079,East Carolina
37089,Clemson
42035,Penn State
42041,Penn State
20021,Arkansas
28055,Louisiana–Monroe
28063,Southern Miss
28071,Ole Miss
23001,Boston College
23003,Boston College
22087,Tulane
38015,Minnesota
38021,Minnesota
38023,Minnesota
38033,Wyoming
38049,Minnesota
28047,South Alabama
28105,Mississippi State
28111,South Alabama
28113,Southern Miss
28125,Louisiana–Monroe
28131,South Alabama
35047,Texas Tech
35051,New Mexico State
35055,New Mexico
36001,UMass
36005,Army
42043,Temple
42059,West Virginia
42065,Penn State
42071,Temple
42077,Temple
42083,Penn State
41035,Nevada
23005,Boston College
45029,Georgia Southern
45041,Coastal Carolina
45043,Coastal Carolina
47023,Memphis
38051,Minnesota
38057,Minnesota
40067,North Texas
40077,Arkansas
40079,Arkansas
40089,Louisiana Tech
40095,North Texas
40105,Tulsa
40113,Tulsa
36015,Syracuse
36023,Syracuse
36025,Army
36029,Buffalo
40139,Texas Tech
40151,Oklahoma State
41001,Boise State
41007,Oregon State
41041,Oregon State
31139,Nebraska
31145,Nebraska
19029,Iowa State
19037,Iowa
17083,Missouri
17085,Northern Illinois
17097,Northwestern
17115,Illinois
17119,Illinois
47039,Vanderbilt
47043,Vanderbilt
47053,Memphis
47055,Middle Tennessee
23013,Boston College
23019,Boston College
23025,Boston College
40121,Tulsa
40129,Oklahoma
24045,Navy
25025,Boston College
26001,Central Michigan
41015,Oregon
41025,Boise State
26089,Central Michigan
26105,Central Michigan
28147,Southern Miss
42107,Temple
42127,Rutgers
42129,Pittsburgh
49015,BYU
49021,UNLV
49025,BYU
47029,Tennessee
23027,Boston College
31157,Wyoming
31165,Wyoming
31175,Nebraska
31177,Nebraska
32001,Nevada
32003,UNLV
26011,Central Michigan
30067,Utah State
30073,Washington State
30079,Wyoming
30081,Washington State
30089,Washington State
30095,Utah State
26109,Wisconsin
28149,Louisiana–Monroe
28161,Ole Miss
29005,Nebraska
29011,Arkansas
29019,Missouri
29025,Missouri
39085,Kent State
39095,Toledo
44009,UConn
45011,Georgia Southern
45013,Georgia Southern
32015,Nevada
32019,Nevada
32029,Nevada
39111,West Virginia
39113,Miami (OH)
39123,Toledo
39145,Marshall
39155,Kent State
30103,Wyoming
30105,Wyoming
38077,Minnesota
38085,Minnesota
38099,Minnesota
38105,Wyoming
29031,Arkansas State
29037,Kansas
36047,Rutgers
36053,Syracuse
36061,Rutgers
36067,Syracuse
41045,Boise State
41055,Oregon State
41057,Oregon State
41063,Boise State
41067,Oregon State
29101,Missouri
29107,Missouri
29113,Missouri
29123,Arkansas State
29127,Missouri
39163,Ohio
47073,Appalachian State
47079,Vanderbilt
47089,Tennessee
47091,Appalachian State
47097,Memphis
47103,Middle Tennessee
47115,Middle Tennessee
47121,Tennessee
47123,Tennessee
47131,Memphis
39007,Kent State
48371,UTSA
48377,UTEP
48391,Rice
48401,Sam Houston
48407,Sam Houston
48409,UTSA
36079,Army
48443,UTSA
48461,Texas Tech
48465,UTSA
48473,Rice
48479,UTSA
48487,North Texas
48495,Texas Tech
48501,Texas Tech
48505,UTSA
49003,Utah State
48005,Sam Houston
48007,Texas State
48037,Louisiana Tech
48043,UTSA
29183,Missouri
29189,Missouri
29199,Missouri
24005,Navy
24025,Navy
26013,Wisconsin
26029,Central Michigan
30111,Wyoming
31015,Nebraska
31021,Nebraska
26121,Central Michigan
26127,Central Michigan
26139,Western Michigan
26141,Central Michigan
26151,Eastern Michigan
26153,Central Michigan
45019,Coastal Carolina
46071,Wyoming
46081,Wyoming
46083,Nebraska
46089,Minnesota
46099,Iowa State
46105,Wyoming
46109,Minnesota
33001,Boston College
33007,Boston College
33011,Boston College
33013,Boston College
34001,Temple
34005,Temple
34011,Temple
31031,Nebraska
31043,Nebraska
31049,Colorado State
31055,Nebraska
31061,Nebraska
31067,Kansas State
39035,Kent State
39051,Bowling Green
39053,Marshall
29063,Kansas
29069,Arkansas State
29081,Missouri
29089,Missouri
29091,Arkansas State
37015,East Carolina
37023,Appalachian State
37029,Old Dominion
37031,East Carolina
29133,Arkansas State
29143,Arkansas State
29149,Arkansas State
29155,Arkansas State
29165,Kansas
37101,NC State
37107,East Carolina
37113,Clemson
37119,Charlotte
37125,NC State
40001,Arkansas
40007,Oklahoma State
40021,Arkansas
40023,SMU
40033,Oklahoma
40041,Arkansas
40051,Oklahoma
37189,Appalachian State
48051,Texas A&M
35023,UTEP
35029,UTEP
35031,New Mexico
35035,UTEP
47153,Middle Tennessee
47157,Memphis
47163,Appalachian State
47171,Appalachian State
47181,Vanderbilt
45057,Charlotte
36085,Rutgers
36097,Syracuse
36105,Army
36111,Army
36115,UMass
36119,Army
45091,Charlotte
46009,Nebraska
46013,Minnesota
46021,Minnesota
29209,Arkansas
29217,Arkansas
29227,Kansas
30001,Utah State
37171,Wake Forest
37177,East Carolina
39067,Pittsburgh
39073,Ohio
39079,Marshall
48057,Rice
48071,Houston
48093,Baylor
48097,North Texas
24510,Navy
45063,South Carolina
45067,Coastal Carolina
45077,Clemson
26053,Wisconsin
46027,Nebraska
46031,Minnesota
46047,Wyoming
46053,Nebraska
27007,Minnesota
27015,Minnesota
27021,Minnesota
27027,Minnesota
46123,Nebraska
46135,Nebraska
30011,Wyoming
30017,Wyoming
30025,Wyoming
30027,Utah State
30033,Wyoming
30039,Washington State
30045,Washington State
31131,Nebraska
25005,Boston College
25009,Boston College
25019,Boston College
34023,Rutgers
26055,Central Michigan
31091,Nebraska
31095,Nebraska
31103,Nebraska
31111,Nebraska
28089,Mississippi State
28093,Ole Miss
27031,Minnesota
27049,Minnesota
27055,Wisconsin
37049,East Carolina
37051,NC State
37131,East Carolina
37137,East Carolina
37149,Clemson
37155,Coastal Carolina
42091,Temple
42097,Penn State
42103,Army
34025,Rutgers
34039,Rutgers
35003,New Mexico State
35005,Texas Tech
35009,Texas Tech
30061,Washington State
38001,Wyoming
09011,UConn
10001,Navy
10003,Temple
12009,UCF
12075,Florida
05031,Arkansas State
05035,Memphis
05041,Louisiana–Monroe
05057,Louisiana Tech
05063,Arkansas State
05069,Ole Miss
05075,Arkansas State
05077,Memphis
04025,Arizona State
05005,Arkansas State
05007,Arkansas
16073,Boise State
16085,Boise State
16087,Boise State
17013,Missouri
17021,Illinois
17027,Illinois
16031,Utah State
16035,Washington State
16037,Boise State
16049,Boise State
16059,Boise State
18023,Purdue
02282,Washington
12021,FIU
12033,South Alabama
15003,Hawaii
16007,Utah State
16011,Utah State
16013,Utah State
05105,Arkansas
05107,Ole Miss
05119,Arkansas State
17031,Northwestern
18123,Louisville
18129,Western Kentucky
18143,Louisville
18147,Louisville
18155,Cincinnati
18163,Western Kentucky
18029,Cincinnati
18037,Louisville
18039,Notre Dame
13135,Georgia
13145,Auburn
13151,Georgia State
13161,Georgia Southern
13167,Georgia Southern
13177,Florida State
13179,Georgia Southern
20107,Kansas
20117,Kansas State
17149,Missouri
17157,Arkansas State
17161,Iowa
17171,Missouri
17173,Illinois
17181,Arkansas State
17185,Indiana
17193,Western Kentucky
17201,Northern Illinois
13287,Florida State
13291,Clemson
13299,Florida
21105,Arkansas State
48273,UTSA
48311,UTSA
48315,Louisiana Tech
48321,Rice
48337,North Texas
54047,Virginia Tech
54057,James Madison
54063,Virginia Tech
54071,James Madison
54077,West Virginia
51059,Maryland
51071,Virginia Tech
51077,Wake Forest
51083,Duke
51089,Wake Forest
51093,Old Dominion
51099,Maryland
51105,Appalachian State
21033,Western Kentucky
13305,Georgia Southern
51117,Duke
72023,Miami
72033,Miami
72037,Miami
72047,Miami
72049,Miami
72057,Miami
72065,Miami
53007,Washington
72087,Miami
72091,Miami
72097,Miami
72107,Miami
72113,Miami
72121,Miami
72127,Miami
72133,Miami
72141,Miami
48117,Texas Tech
48261,UTSA
48135,Texas Tech
48141,UTEP
48155,Texas Tech
48161,Sam Houston
48165,Texas Tech
51107,Maryland
51131,Old Dominion
51147,Liberty
51149,Old Dominion
51159,Old Dominion
51161,Virginia Tech
51165,James Madison
51175,Old Dominion
51177,Maryland
72071,Miami
55061,Wisconsin
56039,Utah State
72003,Miami
72009,Miami
72015,Miami
53047,Washington State
48129,Texas Tech
48167,Houston
48221,TCU
48225,Sam Houston
48229,UTEP
48245,Houston
48257,SMU
51193,Navy
51199,Old Dominion
53031,Washington
55031,Minnesota
55051,Minnesota
53049,Washington
51570,Old Dominion
51630,Maryland
51650,Old Dominion
51700,Old Dominion
51735,Old Dominion
51770,Virginia Tech
55071,Wisconsin
55079,Northwestern
55089,Wisconsin
53055,Washington
53061,Washington
53071,Washington State
53073,Washington
22039,Louisiana
27139,Minnesota
31113,Nebraska
37043,Clemson
39057,Ohio State
36009,Buffalo
47169,Middle Tennessee
46073,Nebraska
48365,Louisiana Tech
48207,TCU
51690,Wake Forest
55131,Wisconsin
54067,Virginia Tech
51087,Old Dominion
01043,Jacksonville State
01109,Troy
09009,UConn
05049,Arkansas State
05127,Arkansas
21117,Cincinnati
19123,Iowa
47015,Middle Tennessee
38011,Wyoming
38083,Minnesota
48375,Texas Tech
31065,Nebraska
28135,Ole Miss
41019,Oregon
29013,Kansas
55001,Wisconsin
53057,Washington
06085,San Jose State
13017,Georgia Southern
18047,Miami (OH)
22123,Louisiana–Monroe
26067,Michigan State
37185,NC State
45015,Coastal Carolina
13045,Georgia State
37093,NC State
20149,Kansas State
28033,Memphis
42001,Maryland
37161,Charlotte
21051,Tennessee
13245,Georgia Southern
13251,Georgia Southern
13261,Auburn
13263,Auburn
13273,Florida State
20193,Kansas State
20199,Air Force
20201,Kansas State
21195,Marshall
21211,Kentucky
21213,Western Kentucky
21223,Louisville
21225,Western Kentucky
20037,Arkansas
20043,Kansas
20061,Kansas State
20067,Air Force
20071,Air Force
20083,Kansas State
20089,Kansas State
22019,Louisiana
22027,Louisiana Tech
22029,LSU
22037,LSU
53009,Washington
53027,Washington
55105,Northern Illinois
55117,Wisconsin
55127,Northwestern
55009,Wisconsin
49047,BYU
49053,UNLV
50001,UMass
50009,Boston College
50017,UMass
50023,UMass
22003,Louisiana
22009,Louisiana
22101,LSU
22107,Louisiana–Monroe
22109,Tulane
21021,Kentucky
21023,Cincinnati
22045,Louisiana
21047,Vanderbilt
21055,Western Kentucky
21059,Western Kentucky
21073,Kentucky
21075,Arkansas State
21089,Marshall
21095,Appalachian State
55137,Wisconsin
56001,Wyoming
56007,Wyoming
56011,Wyoming
56013,Wyoming
56021,Colorado State
54031,James Madison
54035,Marshall
54041,West Virginia
50027,UMass
51001,Old Dominion
51021,Virginia Tech
51027,Appalachian State
51037,Duke
51041,Old Dominion
